t(s),N2(T),N(T),H(T),NH3(T),NH2(T),NH(T),RU(T),N2(S),N(S),H(S),NH3(S),NH2(S),NH(S),RU(S)
1.00000000e-08,1.48210810e-05,2.45061581e-10,5.99076401e-01,6.83601632e-24,4.13114816e-18,4.38615512e-14,4.00908777e-01,7.33820174e-06,3.92786051e-05,5.24691577e-02,4.29391032e-19,2.64583119e-13,6.64034266e-10,9.47484225e-01
1.45000000e-08,1.43825153e-05,3.00503845e-10,6.10929237e-01,4.79017644e-23,8.38812564e-18,8.28678903e-14,3.89056380e-01,7.17289334e-06,5.56599358e-05,7.38002590e-02,3.55077535e-18,1.54524296e-12,1.89002896e-09,9.26136906e-01
1.90000000e-08,1.42876294e-05,3.54245956e-10,6.13493627e-01,2.55771603e-22,1.34370196e-17,1.29849278e-13,3.86492085e-01,7.01526934e-06,7.13194573e-05,9.41393244e-02,1.61362730e-17,5.48452168e-12,3.98949197e-09,9.05782337e-01
2.35000000e-08,1.42664586e-05,4.07625476e-10,6.14065712e-01,1.00216086e-21,1.90795774e-17,1.84345128e-13,3.85920021e-01,6.86475901e-06,8.63051159e-05,1.13560211e-01,5.21588067e-17,1.46596328e-11,7.10444426e-09,8.86346612e-01
2.80000000e-08,1.42628860e-05,4.60908766e-10,6.14162223e-01,3.09957789e-21,2.56854265e-17,2.46183644e-13,3.85823513e-01,6.72093423e-06,1.00660717e-04,1.32118345e-01,1.35286419e-16,3.26220268e-11,1.13367171e-08,8.67774262e-01
3.25000000e-08,1.42623755e-05,5.14171691e-10,6.14175963e-01,8.05662600e-21,3.50064978e-17,3.15274659e-13,3.85809774e-01,6.58341564e-06,1.14426544e-04,1.49862630e-01,3.00840403e-16,6.38603009e-11,1.67559597e-08,8.50016343e-01
3.70000000e-08,1.42619445e-05,5.67431248e-10,6.14187530e-01,1.83496656e-20,3.46595366e-17,3.91566812e-13,3.85798207e-01,6.45185566e-06,1.27639726e-04,1.66837910e-01,5.97151985e-16,1.13725329e-10,2.34061259e-08,8.33027975e-01
4.15000000e-08,1.42616086e-05,6.20688010e-10,6.14196517e-01,3.78263050e-20,6.52467777e-17,4.74957941e-13,3.85789220e-01,6.32593230e-06,1.40334543e-04,1.83085724e-01,1.08632280e-15,1.88332965e-10,3.13106966e-08,8.16767584e-01
4.60000000e-08,1.42631834e-05,6.73919261e-10,6.14153938e-01,7.18384368e-20,7.08917722e-17,5.65413395e-13,3.85831798e-01,6.20534832e-06,1.52542683e-04,1.98644580e-01,1.84444252e-15,2.94456224e-10,4.04769142e-08,8.01196631e-01
5.05000000e-08,1.42629127e-05,7.27159912e-10,6.14161253e-01,1.27761643e-19,7.07905902e-17,6.62887884e-13,3.85824483e-01,6.08982028e-06,1.64293483e-04,2.13550941e-01,2.96136753e-15,4.39414628e-10,5.08992729e-08,7.86278625e-01
5.50000000e-08,1.42632392e-05,7.80392962e-10,6.14152333e-01,2.15389408e-19,9.60572843e-17,7.67279431e-13,3.85833403e-01,5.97908800e-06,1.75614115e-04,2.27838318e-01,4.54005269e-15,6.30963945e-10,6.25621569e-08,7.71980026e-01
5.95000000e-08,1.42635322e-05,8.33618822e-10,6.14144428e-01,3.46612697e-19,2.97564444e-17,8.78636588e-13,3.85841308e-01,5.87290831e-06,1.86529792e-04,2.41538254e-01,6.69576129e-15,8.77192864e-10,7.54421540e-08,7.58269267e-01
6.40000000e-08,1.42634314e-05,8.86844403e-10,6.14147065e-01,5.37354391e-19,2.74370853e-16,9.96512298e-13,3.85838671e-01,5.77105070e-06,1.97063933e-04,2.54680336e-01,9.55478219e-15,1.18642667e-09,8.95098976e-08,7.45116739e-01
6.85000000e-08,1.42639928e-05,9.40058036e-10,6.14131878e-01,8.03936775e-19,-2.63250704e-16,1.12192046e-12,3.85853857e-01,5.67330316e-06,2.07238300e-04,2.67292057e-01,1.32533562e-14,1.56713644e-09,1.04731420e-07,7.32494925e-01
7.30000000e-08,1.42638303e-05,9.93272631e-10,6.14136222e-01,1.17157080e-18,8.82084520e-16,1.25235625e-12,3.85849513e-01,5.57946274e-06,2.17073160e-04,2.79399536e-01,1.79361809e-14,2.02786220e-09,1.21069492e-07,7.20377689e-01
7.75000000e-08,1.42642722e-05,1.04647709e-09,6.14124233e-01,1.65827709e-18,-1.08211715e-15,1.39253964e-12,3.85861501e-01,5.48934206e-06,2.26587382e-04,2.91026963e-01,2.37550366e-14,2.57713814e-09,1.38484433e-07,7.08740820e-01
8.20000000e-08,1.42650291e-05,1.09967091e-09,6.14103787e-01,2.29768507e-18,-3.18714915e-15,1.53943763e-12,3.85881947e-01,5.40276458e-06,2.35798565e-04,3.02197203e-01,3.08675260e-14,3.22343150e-09,1.56934948e-07,6.97561436e-01
8.65000000e-08,1.42648128e-05,1.15286643e-09,6.14109595e-01,3.12848613e-18,1.01829247e-15,1.68655121e-12,3.85876139e-01,5.31956120e-06,2.44723146e-04,3.12931967e-01,3.94354753e-14,3.97508848e-09,1.76378839e-07,6.86817810e-01
9.10000000e-08,1.42641572e-05,1.20606385e-09,6.14127283e-01,4.16943298e-18,-3.54792895e-15,1.84893553e-12,3.85858452e-01,5.23957452e-06,2.53376475e-04,3.23251575e-01,4.96238566e-14,4.84028562e-09,1.96773401e-07,6.76489607e-01
9.55000000e-08,1.42642217e-05,1.25925359e-09,6.14125451e-01,5.48575447e-18,1.25527484e-15,2.00837508e-12,3.85860283e-01,5.16265753e-06,2.61772895e-04,3.33175004e-01,6.15992658e-14,5.82698883e-09,2.18075784e-07,6.66557837e-01
1.00000000e-07,1.42650183e-05,1.31242993e-09,6.14103909e-01,7.09644682e-18,8.93834389e-16,2.17932483e-12,3.85881825e-01,5.08867229e-06,2.69925834e-04,3.42720148e-01,7.55289813e-14,6.94291794e-09,2.40243343e-07,6.57004591e-01
1.45000000e-07,1.42661309e-05,1.84394749e-09,6.14073538e-01,5.24273927e-17,4.55704492e-16,4.22356408e-12,3.85912194e-01,4.48422581e-06,3.40485363e-04,4.20697116e-01,3.57590206e-13,2.66896316e-08,5.00666582e-07,5.78957387e-01
1.90000000e-07,1.42669116e-05,2.37495582e-09,6.14052220e-01,2.03294119e-16,7.26765612e-16,6.84528254e-12,3.85933511e-01,4.06402203e-06,3.96711831e-04,4.74897374e-01,9.92207685e-13,6.54338985e-08,8.07521425e-07,5.24700977e-01
2.35000000e-07,1.42674770e-05,2.90548559e-09,6.14036756e-01,5.53103157e-16,1.06150122e-15,9.99686680e-12,3.85948974e-01,3.76700760e-06,4.43860418e-04,5.13199875e-01,2.06027567e-12,1.25450440e-07,1.13492570e-06,4.86351237e-01
2.80000000e-07,1.42678862e-05,3.43556593e-09,6.14025537e-01,1.20566655e-15,1.44633671e-15,1.36340787e-11,3.85960192e-01,3.55440710e-06,4.85063086e-04,5.40608615e-01,3.57741252e-12,2.06367276e-07,1.46608777e-06,4.58901095e-01
3.25000000e-07,1.42681671e-05,3.96522735e-09,6.14017801e-01,2.26249232e-15,1.88492334e-15,1.77163586e-11,3.85967927e-01,3.40130561e-06,5.22204165e-04,5.60338911e-01,5.50700763e-12,3.06003484e-07,1.79073899e-06,4.39133387e-01
3.70000000e-07,1.42683764e-05,4.49449970e-09,6.14012016e-01,3.81275293e-15,2.36396290e-15,2.22065218e-11,3.85973711e-01,3.29041943e-06,5.56541550e-04,5.74621216e-01,7.79505087e-12,4.21316706e-07,2.10312252e-06,4.24816427e-01
4.15000000e-07,1.42685279e-05,5.02341189e-09,6.14007800e-01,5.92861763e-15,2.88304997e-15,2.70705161e-11,3.85977926e-01,3.20953920e-06,5.88940635e-04,5.85031196e-01,1.03606172e-11,5.49004081e-07,2.40059827e-06,4.14373704e-01
4.60000000e-07,1.42686378e-05,5.55199145e-09,6.14004713e-01,8.66438823e-15,3.43904481e-15,3.22771664e-11,3.85981013e-01,3.15046672e-06,6.19948045e-04,5.92626830e-01,1.31353021e-11,6.85689770e-07,2.68207353e-06,4.06746704e-01
5.05000000e-07,1.42687170e-05,6.08026437e-09,6.14002462e-01,1.20585664e-14,4.02894433e-15,3.77978754e-11,3.85983263e-01,3.10718206e-06,6.49965201e-04,5.98185005e-01,1.60548063e-11,8.28479229e-07,2.94854267e-06,4.01158146e-01
5.50000000e-07,1.42687741e-05,6.60825493e-09,6.14000809e-01,1.61346390e-14,4.64996534e-15,4.36064446e-11,3.85984916e-01,3.07539348e-06,6.79270237e-04,6.02259582e-01,1.90601329e-11,9.74827878e-07,3.20091258e-06,3.97053897e-01
5.95000000e-07,1.42688149e-05,7.13598580e-09,6.13999599e-01,2.09040189e-14,5.29956043e-15,4.96788693e-11,3.85986125e-01,3.05205149e-06,7.08054863e-04,6.05244106e-01,2.21114987e-11,1.12264906e-06,3.44064848e-06,3.94040224e-01
6.40000000e-07,1.42688439e-05,7.66347799e-09,6.13998712e-01,2.63694221e-14,5.97538663e-15,5.59931480e-11,3.85987011e-01,3.03489023e-06,7.36462392e-04,6.07430993e-01,2.51728660e-11,1.27039657e-06,3.66957855e-06,3.91824570e-01
6.85000000e-07,1.42688642e-05,8.19075096e-09,6.13998060e-01,3.25272913e-14,6.67529340e-15,6.25291159e-11,3.85987663e-01,3.02222088e-06,7.64600523e-04,6.09038185e-01,2.82245323e-11,1.41699959e-06,3.88954997e-06,3.90188885e-01
7.30000000e-07,1.42688781e-05,8.71782269e-09,6.13997580e-01,3.93682682e-14,7.39730572e-15,6.92682955e-11,3.85988142e-01,3.01285036e-06,7.92542273e-04,6.10219661e-01,3.12386913e-11,1.56156834e-06,4.10159095e-06,3.88979121e-01
7.75000000e-07,1.42688873e-05,9.24470978e-09,6.13997229e-01,4.68788150e-14,8.13960980e-15,7.61937543e-11,3.85988492e-01,3.00593340e-06,8.20337288e-04,6.11084502e-01,3.42092711e-11,1.70340639e-06,4.30653007e-06,3.88086145e-01
8.20000000e-07,1.42688930e-05,9.77142750e-09,6.13996973e-01,5.50442940e-14,8.90054241e-15,8.32899737e-11,3.85988748e-01,3.00082989e-06,8.48023694e-04,6.11715315e-01,3.71353944e-11,1.84221044e-06,4.50578584e-06,3.87427312e-01
8.65000000e-07,1.42688962e-05,1.02979899e-08,6.13996787e-01,6.38502532e-14,9.67857825e-15,9.05427305e-11,3.85988934e-01,2.99704557e-06,8.75632117e-04,6.12175888e-01,4.00126565e-11,1.97797773e-06,4.70074041e-06,3.86938804e-01
9.10000000e-07,1.42688975e-05,1.08244099e-08,6.13996650e-01,7.32812865e-14,1.04723181e-14,9.79389894e-11,3.85989070e-01,2.99422833e-06,9.03184012e-04,6.12511660e-01,4.28348145e-11,2.11066757e-06,4.89182522e-06,3.86575159e-01
9.55000000e-07,1.42688974e-05,1.13506995e-08,6.13996552e-01,8.33211717e-14,1.12804783e-14,1.05466804e-10,3.85989168e-01,2.99213310e-06,9.30693310e-04,6.12754259e-01,4.56061302e-11,2.24022108e-06,5.07931191e-06,3.86304736e-01
1.00000000e-06,1.42688963e-05,1.18768695e-08,6.13996481e-01,9.39551400e-14,1.21018821e-14,1.13115227e-10,3.85989238e-01,2.99057150e-06,9.58170447e-04,6.12927997e-01,4.83356108e-11,2.36681360e-06,5.26413312e-06,3.86103211e-01
1.45000000e-06,1.42688644e-05,1.71338387e-08,6.13996341e-01,2.30448933e-13,2.08462545e-14,1.94389812e-10,3.85989373e-01,2.98578473e-06,1.23223078e-03,6.13268068e-01,7.39012585e-11,3.51414755e-06,7.03167368e-06,3.85486170e-01
1.90000000e-06,1.42688252e-05,2.23859976e-08,6.13996397e-01,4.16910936e-13,3.01505807e-14,2.80610283e-10,3.85989312e-01,2.98476012e-06,1.50579430e-03,6.13123051e-01,9.84638100e-11,4.55335384e-06,8.74358645e-06,3.85354873e-01
2.35000000e-06,1.42687858e-05,2.76362408e-08,6.13996462e-01,6.50345001e-13,3.97091242e-14,3.68926007e-10,3.85989241e-01,2.98392176e-06,1.77897922e-03,6.12954413e-01,1.23460880e-10,5.56007734e-06,1.04402516e-05,3.85247623e-01
2.80000000e-06,1.42687463e-05,3.28858066e-08,6.13996527e-01,9.29843112e-13,4.93940000e-14,4.58142445e-10,3.85989171e-01,2.98308902e-06,2.05176912e-03,6.12785460e-01,1.49329183e-10,6.55769053e-06,1.21315889e-05,3.85141098e-01
3.25000000e-06,1.42687069e-05,3.81352240e-08,6.13996592e-01,1.25511140e-12,5.91532433e-14,5.47773739e-10,3.85989100e-01,2.98226401e-06,2.32415860e-03,6.12615918e-01,1.76162133e-10,7.55136740e-06,1.38194103e-05,3.85035570e-01
3.70000000e-06,1.42686675e-05,4.33847369e-08,6.13996657e-01,1.62598424e-12,6.89653366e-14,6.37618984e-10,3.85989030e-01,2.98144051e-06,2.59614661e-03,6.12446589e-01,2.03989886e-10,8.54286668e-06,1.55045523e-05,3.84930235e-01
4.15000000e-06,1.42686282e-05,4.86344837e-08,6.13996721e-01,2.04233016e-12,7.88200376e-14,7.27582866e-10,3.85988961e-01,2.98061460e-06,2.86773334e-03,6.12277977e-01,2.32824038e-10,9.53301959e-06,1.71872539e-05,3.84824588e-01
4.60000000e-06,1.42685889e-05,5.38845516e-08,6.13996785e-01,2.50404189e-12,8.87125323e-14,8.17620877e-10,3.85988891e-01,2.97978886e-06,3.13891928e-03,6.12109749e-01,2.62664831e-10,1.05219670e-05,1.88676004e-05,3.84718962e-01
5.05000000e-06,1.42685496e-05,5.91349974e-08,6.13996849e-01,3.01101470e-12,9.86412393e-14,9.07718817e-10,3.85988823e-01,2.97896491e-06,3.40970557e-03,6.11941693e-01,2.93504500e-10,1.15095121e-05,2.05453981e-05,3.84613567e-01
5.50000000e-06,1.42685103e-05,6.43858659e-08,6.13996912e-01,3.56314247e-12,1.08605870e-13,9.97874637e-10,3.85988754e-01,2.97814270e-06,3.68009306e-03,6.11773817e-01,3.25339145e-10,1.24955953e-05,2.22206971e-05,3.84508395e-01
5.95000000e-06,1.42684711e-05,6.96371976e-08,6.13996974e-01,4.16031910e-12,1.18606538e-13,1.08809007e-09,3.85988687e-01,2.97732181e-06,3.95008255e-03,6.11606174e-01,3.58166440e-10,1.34802688e-05,2.38935414e-05,3.84403391e-01
6.40000000e-06,1.42684320e-05,7.48890358e-08,6.13997037e-01,4.80243889e-12,1.28643088e-13,1.17836430e-09,3.85988619e-01,2.97650230e-06,4.21967487e-03,6.11438755e-01,3.91982724e-10,1.44635046e-05,2.55639500e-05,3.84298565e-01
6.85000000e-06,1.42683928e-05,8.01414223e-08,6.13997098e-01,5.48939688e-12,1.38715503e-13,1.26869783e-09,3.85988552e-01,2.97568398e-06,4.48887083e-03,6.11271583e-01,4.26785715e-10,1.54453555e-05,2.72319245e-05,3.84193893e-01
7.30000000e-06,1.42683537e-05,8.53943997e-08,6.13997160e-01,6.22108778e-12,1.48823677e-13,1.35909030e-09,3.85988485e-01,2.97486683e-06,4.75767126e-03,6.11104661e-01,4.62572416e-10,1.64258326e-05,2.88974728e-05,3.84089369e-01
7.75000000e-06,1.42683147e-05,9.06481206e-08,6.13997221e-01,6.99712911e-12,1.58967570e-13,1.44954372e-09,3.85988419e-01,2.97405084e-06,5.02607921e-03,6.10937985e-01,4.99332394e-10,1.74049470e-05,3.05606016e-05,3.83984995e-01
8.20000000e-06,1.42682756e-05,9.59025493e-08,6.13997282e-01,7.81761074e-12,1.69147185e-13,1.54005755e-09,3.85988353e-01,2.97323603e-06,5.29409397e-03,6.10771556e-01,5.37068058e-10,1.83826935e-05,3.22213096e-05,3.83880772e-01
8.65000000e-06,1.42682366e-05,1.01157660e-07,6.13997342e-01,8.68259641e-12,1.79362509e-13,1.63063127e-09,3.85988287e-01,2.97242241e-06,5.56171504e-03,6.10605372e-01,5.75781086e-10,1.93590686e-05,3.38795965e-05,3.83776701e-01
9.10000000e-06,1.42681977e-05,1.06413480e-07,6.13997402e-01,9.59202138e-12,1.89613537e-13,1.72126525e-09,3.85988222e-01,2.97160997e-06,5.82894292e-03,6.10439434e-01,6.15469479e-10,2.03340731e-05,3.55354646e-05,3.83672781e-01
9.55000000e-06,1.42681587e-05,1.11670259e-07,6.13997461e-01,1.05452522e-11,1.99900231e-13,1.81196305e-09,3.85988157e-01,2.97079872e-06,6.09578268e-03,6.10273734e-01,6.56113690e-10,2.13077148e-05,3.71889353e-05,3.83569015e-01
1.00000000e-05,1.42681198e-05,1.16927845e-07,6.13997520e-01,1.15426759e-11,2.10222615e-13,1.90272249e-09,3.85988093e-01,2.96998865e-06,6.36223123e-03,6.10108278e-01,6.97725661e-10,2.22799889e-05,3.88399955e-05,3.83465400e-01
1.45000000e-05,1.42677327e-05,1.69558776e-07,6.13998091e-01,2.39206586e-11,3.15407674e-13,2.81385745e-09,3.85987469e-01,2.96195271e-06,9.00541408e-03,6.08466925e-01,1.16626403e-09,3.19282160e-05,5.52193642e-05,3.82437550e-01
1.90000000e-05,1.42673489e-05,2.22316975e-07,6.13998623e-01,4.06012746e-11,4.24155137e-13,3.73181729e-09,3.85986884e-01,2.95403276e-06,1.16104057e-02,6.06849260e-01,1.72808626e-09,4.14428355e-05,7.13634707e-05,3.81424572e-01
2.35000000e-05,1.42669684e-05,2.75242011e-07,6.13999118e-01,6.14860687e-11,5.36460645e-13,4.65717068e-09,3.85986335e-01,2.94622638e-06,1.41779922e-02,6.05254795e-01,2.38030266e-09,5.08265467e-05,8.72771434e-05,3.80426160e-01
2.80000000e-05,1.42665911e-05,3.28372333e-07,6.13999577e-01,8.64801699e-11,6.52320568e-13,5.59047089e-09,3.85985822e-01,2.93853128e-06,1.67089327e-02,6.03683062e-01,3.12016028e-09,6.00819489e-05,1.02965043e-04,3.79442017e-01
3.25000000e-05,1.42662169e-05,3.81746694e-07,6.14000001e-01,1.15487902e-10,7.71731215e-13,6.53227568e-09,3.85985344e-01,2.93094513e-06,1.92039925e-02,6.02133584e-01,3.94488999e-09,6.92116630e-05,1.18431868e-04,3.78471845e-01
3.70000000e-05,1.42658458e-05,4.35401430e-07,6.14000390e-01,1.48420503e-10,8.94689845e-13,7.48310884e-09,3.85984901e-01,2.92346576e-06,2.16638839e-02,6.00605921e-01,4.85197797e-09,7.82181341e-05,1.33681993e-04,3.77515366e-01
4.15000000e-05,1.42654777e-05,4.89373368e-07,6.14000746e-01,1.85187891e-10,1.02119360e-12,8.44350130e-09,3.85984491e-01,2.91609097e-06,2.40893292e-02,5.99099625e-01,5.83885355e-09,8.71038395e-05,1.48719855e-04,3.76572300e-01
4.60000000e-05,1.42651126e-05,5.43697643e-07,6.14001068e-01,2.25704882e-10,1.15124034e-12,9.41396030e-09,3.85984114e-01,2.90881869e-06,2.64810132e-02,5.97614271e-01,6.90311701e-09,9.58711310e-05,1.63549659e-04,3.75642379e-01
5.05000000e-05,1.42647505e-05,5.98408199e-07,6.14001357e-01,2.69889824e-10,1.28482848e-12,1.03949766e-08,3.85983769e-01,2.90164691e-06,2.88395934e-02,5.96149452e-01,8.04250327e-09,1.04522268e-04,1.78175446e-04,3.74725347e-01
5.50000000e-05,1.42643911e-05,6.53539449e-07,6.14001615e-01,3.17659674e-10,1.42195623e-12,1.13870476e-08,3.85983456e-01,2.89457360e-06,3.11657383e-02,5.94704754e-01,9.25469388e-09,1.13059548e-04,1.92601321e-04,3.73820943e-01
5.95000000e-05,1.42640346e-05,7.09123567e-07,6.14001841e-01,3.68937958e-10,1.56262281e-12,1.23906394e-08,3.85983173e-01,2.88759688e-06,3.34600657e-02,5.93279792e-01,1.05376018e-08,1.21485096e-04,2.06831081e-04,3.72928927e-01
6.40000000e-05,1.42636809e-05,7.65193277e-07,6.14002037e-01,4.23646557e-10,1.70682718e-12,1.34062259e-08,3.85982920e-01,2.88071483e-06,3.57232062e-02,5.91874177e-01,1.18890828e-08,1.29801082e-04,2.20868601e-04,3.72049054e-01
6.85000000e-05,1.42633298e-05,8.21779881e-07,6.14002203e-01,4.81711498e-10,1.85456890e-12,1.44342611e-08,3.85982697e-01,2.87392564e-06,3.79557585e-02,5.90487538e-01,1.33071390e-08,1.38009568e-04,2.34717559e-04,3.71181089e-01
7.30000000e-05,1.42629814e-05,8.78913343e-07,6.14002339e-01,5.43062602e-10,2.00584805e-12,1.54751802e-08,3.85982503e-01,2.86722757e-06,4.01582920e-02,5.89119520e-01,1.47898929e-08,1.46112517e-04,2.48381457e-04,3.70324811e-01
7.75000000e-05,1.42626356e-05,9.36624212e-07,6.14002447e-01,6.07628027e-10,2.16066449e-12,1.65294267e-08,3.85982336e-01,2.86061885e-06,4.23313889e-02,5.87769764e-01,1.63354130e-08,1.54111934e-04,2.61863872e-04,3.69479994e-01
8.20000000e-05,1.42622924e-05,9.94943310e-07,6.14002527e-01,6.75335146e-10,2.31901796e-12,1.75974481e-08,3.85982198e-01,2.85409770e-06,4.44756375e-02,5.86437905e-01,1.79417419e-08,1.62009846e-04,2.75168419e-04,3.68646407e-01
8.65000000e-05,1.42619517e-05,1.05389742e-06,6.14002579e-01,7.46122695e-10,2.48090967e-12,1.86796348e-08,3.85982086e-01,2.84766259e-06,4.65915382e-02,5.85123631e-01,1.96073578e-08,1.69807986e-04,2.88298177e-04,3.67823857e-01
9.10000000e-05,1.42616134e-05,1.11351622e-06,6.14002604e-01,8.19921284e-10,2.64633979e-12,1.97764183e-08,3.85982000e-01,2.84131181e-06,4.86796546e-02,5.83826595e-01,2.13304265e-08,1.77508297e-04,3.01256610e-04,3.67012123e-01
9.55000000e-05,1.42612776e-05,1.17382833e-06,6.14002602e-01,8.96664472e-10,2.81530885e-12,2.08882149e-08,3.85981941e-01,2.83504373e-06,5.07405270e-02,5.82546460e-01,2.31092264e-08,1.85112647e-04,3.14047041e-04,3.66210995e-01
1.00000000e-04,1.42609442e-05,1.23485918e-06,6.14002575e-01,9.76294656e-10,2.98781842e-12,2.20153961e-08,3.85981906e-01,2.82885689e-06,5.27746274e-02,5.81282935e-01,2.49422553e-08,1.92622664e-04,3.26672371e-04,3.65420289e-01
1.45000000e-04,1.42577323e-05,1.89030865e-06,6.14000974e-01,1.91864501e-09,4.90796793e-12,3.42152961e-08,3.85982842e-01,2.77114047e-06,7.17474804e-02,5.69496510e-01,4.59363726e-08,2.62895700e-04,4.44486730e-04,3.58045810e-01
1.90000000e-04,1.42547188e-05,2.64363968e-06,6.13997256e-01,3.09142630e-09,7.18426975e-12,4.83342872e-08,3.85985795e-01,2.72009313e-06,8.85223837e-02,5.59073832e-01,7.09264426e-08,3.25397069e-04,5.48739548e-04,3.51526857e-01
2.35000000e-04,1.42518739e-05,3.51419663e-06,6.13991770e-01,4.45274570e-09,9.81938883e-12,6.46569670e-08,3.85990395e-01,2.67465574e-06,1.03448004e-01,5.49798670e-01,9.89530462e-08,3.81340484e-04,6.41577363e-04,3.45727634e-01
2.80000000e-04,1.42491735e-05,4.51787656e-06,6.13984797e-01,5.96912173e-09,1.28162256e-11,8.34181414e-08,3.85996347e-01,2.63397233e-06,1.16806235e-01,5.41496187e-01,1.29298601e-07,4.31710778e-04,7.24736606e-04,3.40538367e-01
3.25000000e-04,1.42465978e-05,5.66780692e-06,6.13976563e-01,7.61350034e-09,1.61776118e-11,1.04812245e-07,3.86003410e-01,2.59734365e-06,1.28827426e-01,5.34023497e-01,1.61419346e-07,4.77315308e-04,7.99636913e-04,3.35869366e-01
3.70000000e-04,1.42441303e-05,6.97484961e-06,6.13967254e-01,9.36384911e-09,1.99061391e-11,1.29000425e-07,3.86011389e-01,2.56419406e-06,1.39701262e-01,5.27262930e-01,1.94897663e-07,5.18820673e-04,8.67447739e-04,3.31646780e-01
4.15000000e-04,1.42417575e-05,8.44793322e-06,6.13957019e-01,1.12023442e-08,2.40041325e-11,1.56115329e-07,3.86020124e-01,2.53405195e-06,1.49583151e-01,5.21118071e-01,2.29412823e-07,5.56774323e-04,9.29127576e-04,3.27810112e-01
4.60000000e-04,1.42394678e-05,1.00944436e-05,6.13945982e-01,1.31143215e-08,2.84735563e-11,1.86266673e-07,3.86029485e-01,2.50652497e-06,1.58602489e-01,5.15508637e-01,2.64721035e-07,5.91633474e-04,9.85474858e-04,3.24308993e-01
5.05000000e-04,1.42372515e-05,1.19206103e-05,6.13934249e-01,1.50872285e-08,3.33159029e-11,2.19546695e-07,3.86039358e-01,2.48127544e-06,1.66870668e-01,5.10365511e-01,3.00620067e-07,6.23792011e-04,1.03717688e-03,3.21100068e-01
5.50000000e-04,1.42351000e-05,1.39316508e-05,6.13921911e-01,1.71104096e-08,3.85322794e-11,2.56032342e-07,3.86049649e-01,2.45801372e-06,1.74483139e-01,5.05629464e-01,3.36936711e-07,6.53587248e-04,1.08482238e-03,3.18146190e-01
5.95000000e-04,1.42330061e-05,1.61318521e-05,6.13909043e-01,1.91750699e-08,4.41235449e-11,2.95786701e-07,3.86060278e-01,2.43649635e-06,1.81520228e-01,5.01250654e-01,3.73543636e-07,6.81304488e-04,1.12890745e-03,3.15416094e-01
6.40000000e-04,1.42309638e-05,1.85247048e-05,6.13895707e-01,2.12738194e-08,5.00902012e-11,3.38860797e-07,3.86071177e-01,2.41651840e-06,1.88049569e-01,4.97187110e-01,4.10333816e-07,7.07184501e-04,1.16985027e-03,3.12883457e-01
6.85000000e-04,1.42289677e-05,2.11130588e-05,6.13881958e-01,2.34003944e-08,5.64324439e-11,3.85295871e-07,3.86082292e-01,2.39790313e-06,1.94129484e-01,4.93402632e-01,4.47228205e-07,7.31434419e-04,1.20801042e-03,3.10525592e-01
7.30000000e-04,1.42270133e-05,2.38992279e-05,6.13867841e-01,2.55494303e-08,6.31502046e-11,4.35125048e-07,3.86093572e-01,2.38049759e-06,1.99810514e-01,4.89865847e-01,4.84148387e-07,7.54232490e-04,1.24369875e-03,3.08322841e-01
7.75000000e-04,1.42250965e-05,2.68850709e-05,6.13853397e-01,2.77162894e-08,7.02431365e-11,4.88374414e-07,3.86104977e-01,2.36416849e-06,2.05136571e-01,4.86549518e-01,5.21037533e-07,7.75736959e-04,1.27718818e-03,3.06258098e-01
8.20000000e-04,1.42232137e-05,3.00720518e-05,6.13838660e-01,2.98969853e-08,7.77106852e-11,5.45064040e-07,3.86116469e-01,2.34879977e-06,2.10145970e-01,4.83429863e-01,5.57845749e-07,7.96084524e-04,1.30871544e-03,3.04316456e-01
8.65000000e-04,1.42213618e-05,3.34613405e-05,6.13823663e-01,3.20879774e-08,8.55521184e-11,6.05209511e-07,3.86128017e-01,2.33428723e-06,2.14873233e-01,4.80485434e-01,5.94521972e-07,8.15395577e-04,1.33849134e-03,3.02484512e-01
9.10000000e-04,1.42195382e-05,3.70537260e-05,6.13808429e-01,3.42863871e-08,9.37665044e-11,6.68820542e-07,3.86139595e-01,2.32054437e-06,2.19346833e-01,4.77698575e-01,6.31042690e-07,8.33774370e-04,1.36669391e-03,3.00751166e-01
9.55000000e-04,1.42177400e-05,4.08498644e-05,6.13792984e-01,3.64894488e-08,1.02352780e-10,7.35904801e-07,3.86151176e-01,2.30748743e-06,2.23594478e-01,4.75052085e-01,6.67363045e-07,8.51317343e-04,1.39349247e-03,2.99105645e-01
1.00000000e-03,1.42159654e-05,4.48500500e-05,6.13777348e-01,3.86950792e-08,1.11309733e-10,8.06464424e-07,3.86162741e-01,2.29505147e-06,2.27637556e-01,4.72532694e-01,7.03471491e-07,8.68103964e-04,1.41902148e-03,2.97539619e-01
1.45000000e-03,1.41991848e-05,9.60410610e-05,6.13613357e-01,6.05752516e-08,2.20934611e-10,1.70217213e-06,3.86274640e-01,2.19452876e-06,2.60226753e-01,4.52212331e-01,1.04941207e-06,1.00651058e-03,1.62549163e-03,2.84925663e-01
1.90000000e-03,1.41835449e-05,1.67142871e-04,6.13440563e-01,8.16336014e-08,3.65775680e-10,2.93525926e-06,3.86375093e-01,2.11885547e-06,2.84665746e-01,4.36961273e-01,1.36381504e-06,1.11331879e-03,1.78094278e-03,2.75475230e-01
2.35000000e-03,1.41686053e-05,2.57254751e-04,6.13262021e-01,1.01640197e-07,5.43931005e-10,4.48969223e-06,3.86461964e-01,2.05586492e-06,3.04969387e-01,4.24286110e-01,1.64704323e-06,1.20316172e-03,1.91024755e-03,2.67627384e-01
2.80000000e-03,1.41541649e-05,3.65393964e-04,6.13078678e-01,1.20600580e-07,7.53550268e-10,6.34837868e-06,3.86535304e-01,2.00087998e-06,3.22675996e-01,4.13230748e-01,1.90227030e-06,1.28183270e-03,2.02298889e-03,2.60784525e-01
3.25000000e-03,1.41401118e-05,4.90616385e-04,6.12890828e-01,1.38584140e-07,9.92917446e-10,8.49502351e-06,3.86595781e-01,1.95179947e-06,3.38472826e-01,4.03367459e-01,2.13309022e-06,1.35208274e-03,2.12351053e-03,2.54680030e-01
3.70000000e-03,1.41263711e-05,6.32047294e-04,6.12698582e-01,1.55669996e-07,1.26046180e-09,1.09145816e-05,3.86644173e-01,1.90744198e-06,3.52744483e-01,3.94456526e-01,2.34280863e-06,1.41544373e-03,2.21418487e-03,2.49165105e-01
4.15000000e-03,1.41128874e-05,7.88882928e-04,6.12502000e-01,1.71933326e-07,1.55474791e-09,1.35932591e-05,3.86681238e-01,1.86703517e-06,3.65740459e-01,3.86342295e-01,2.53428179e-06,1.47308402e-03,2.29668315e-03,2.44143070e-01
4.60000000e-03,1.40996175e-05,9.60385233e-04,6.12301138e-01,1.87441270e-07,1.87446128e-09,1.65184115e-05,3.86707670e-01,1.83000969e-06,3.77643940e-01,3.78910632e-01,2.70985811e-06,1.52583934e-03,2.37220928e-03,2.39542833e-01
5.05000000e-03,1.40865263e-05,1.14587264e-03,6.12096058e-01,2.02253368e-07,2.21839073e-09,1.96783810e-05,3.86724100e-01,1.79592293e-06,3.88598976e-01,3.72071291e-01,2.87154653e-06,1.57422223e-03,2.44155559e-03,2.35309281e-01
5.50000000e-03,1.40735850e-05,1.34471635e-03,6.11886829e-01,2.16422049e-07,2.58542068e-09,2.30624275e-05,3.86731100e-01,1.76441230e-06,3.98720828e-01,3.65752491e-01,3.02101052e-06,1.61896632e-03,2.50566920e-03,2.31397253e-01
5.95000000e-03,1.40607695e-05,1.55633193e-03,6.11673529e-01,2.29993563e-07,2.97451615e-09,2.66605841e-05,3.86729185e-01,1.73517926e-06,4.08107537e-01,3.59892751e-01,3.15961648e-06,1.66029419e-03,2.56496871e-03,2.27769547e-01
6.40000000e-03,1.40480596e-05,1.78017255e-03,6.11456239e-01,2.43009450e-07,3.38471025e-09,3.04635365e-05,3.86718830e-01,1.70796376e-06,4.16840764e-01,3.54441576e-01,3.28858422e-06,1.69873717e-03,2.62014139e-03,2.24393778e-01
6.85000000e-03,1.40354384e-05,2.01573091e-03,6.11235045e-01,2.55506584e-07,3.81510810e-09,3.44626581e-05,3.86700467e-01,1.68255863e-06,4.24988886e-01,3.49355609e-01,3.40897348e-06,1.73458426e-03,2.67159451e-03,2.21244228e-01
7.30000000e-03,1.40228911e-05,2.26252990e-03,6.11010037e-01,2.67517916e-07,4.26486867e-09,3.86498428e-05,3.86674489e-01,1.65877399e-06,4.32613834e-01,3.44596341e-01,3.52156615e-06,1.76795074e-03,2.71957644e-03,2.18297111e-01
7.75000000e-03,1.40104059e-05,2.52012261e-03,6.10781303e-01,2.79073249e-07,4.73320595e-09,4.30175092e-05,3.86641263e-01,1.63645115e-06,4.39763889e-01,3.40134258e-01,3.62711444e-06,1.79929889e-03,2.76463840e-03,2.15532646e-01
8.20000000e-03,1.39979723e-05,2.78808798e-03,6.10548931e-01,2.90199748e-07,5.21938133e-09,4.75585254e-05,3.86601129e-01,1.61545923e-06,4.46483548e-01,3.35940606e-01,3.72641151e-06,1.82878315e-03,2.80700302e-03,2.12934712e-01
8.65000000e-03,1.39855810e-05,3.06602852e-03,6.10313018e-01,3.00921812e-07,5.72269738e-09,5.22661616e-05,3.86554395e-01,1.59567210e-06,4.52814399e-01,3.31989788e-01,3.81986053e-06,1.85633217e-03,2.84670207e-03,2.10487356e-01
9.10000000e-03,1.39732244e-05,3.35356913e-03,6.10073652e-01,3.11261958e-07,6.24249845e-09,5.71340801e-05,3.86501354e-01,1.57698547e-06,4.58786782e-01,3.28263292e-01,3.90803325e-06,1.88247146e-03,2.88430330e-03,2.08177660e-01
9.55000000e-03,1.39608957e-05,3.65035365e-03,6.09830926e-01,3.21240567e-07,6.77816222e-09,6.21562667e-05,3.86442275e-01,1.55931055e-06,4.64433878e-01,3.24739165e-01,3.99144058e-06,1.90704427e-03,2.91971232e-03,2.05994644e-01
1.00000000e-02,1.39485895e-05,3.95604510e-03,6.09584927e-01,3.30876190e-07,7.32910139e-09,6.73270405e-05,3.86377414e-01,1.54255168e-06,4.69781318e-01,3.21403327e-01,4.07032935e-06,1.93032500e-03,2.95326807e-03,2.03926142e-01
1.45000000e-02,1.38259497e-05,7.43900332e-03,6.06963415e-01,4.11646079e-07,1.35678600e-08,1.26133727e-04,3.85457196e-01,1.41294495e-06,5.10946695e-01,2.95728098e-01,4.67807304e-06,2.10867849e-03,3.21075587e-03,1.87999675e-01
1.90000000e-02,1.37028663e-05,1.15368869e-02,6.04100152e-01,4.71298057e-07,2.08577192e-08,1.95175097e-04,3.84153591e-01,1.32733547e-06,5.37817646e-01,2.78981292e-01,5.07572666e-06,2.22433312e-03,3.37810570e-03,1.77592213e-01
2.35000000e-02,1.35789001e-05,1.60789429e-02,6.01056484e-01,5.16547972e-07,2.89071263e-08,2.71608295e-04,3.82578840e-01,1.26648206e-06,5.56629969e-01,2.67267165e-01,5.35590890e-06,2.30513803e-03,3.49504921e-03,1.70296050e-01
2.80000000e-02,1.34542321e-05,2.09452149e-02,5.97880369e-01,5.51429883e-07,3.75130784e-08,3.53446680e-04,3.80806926e-01,1.22104168e-06,5.70416014e-01,2.58691968e-01,5.56333446e-06,2.36447468e-03,3.58077536e-03,1.64939976e-01
3.25000000e-02,1.33292362e-05,2.60478183e-02,5.94606717e-01,5.78719506e-07,4.65280241e-08,4.39240918e-04,3.78892269e-01,1.18586164e-06,5.80854875e-01,2.52206025e-01,5.72316357e-06,2.40968440e-03,3.64583318e-03,1.60876667e-01
3.70000000e-02,1.32043736e-05,3.13216566e-02,5.91262922e-01,6.00188541e-07,5.58415772e-08,5.27912999e-04,3.76873648e-01,1.15780351e-06,5.88970609e-01,2.47169991e-01,5.84960890e-06,2.44512521e-03,3.69659184e-03,1.57710669e-01
4.15000000e-02,1.30799148e-05,3.67164712e-02,5.87871702e-01,6.17210327e-07,6.53696377e-08,6.18636010e-04,3.74779428e-01,1.13487863e-06,5.95411210e-01,2.43179348e-01,5.95235629e-06,2.47359429e-03,3.73709075e-03,1.55191664e-01
4.60000000e-02,1.29560993e-05,4.21944994e-02,5.84449596e-01,6.30812304e-07,7.50485793e-08,7.10786563e-04,3.72631456e-01,1.11570319e-06,6.00629947e-01,2.39951095e-01,6.03775886e-06,2.49699819e-03,3.77012651e-03,1.53144673e-01
5.05000000e-02,1.28331294e-05,4.77264129e-02,5.81009815e-01,6.41750743e-07,8.48287154e-08,8.03879317e-04,3.70446333e-01,1.09934063e-06,6.04933566e-01,2.37293735e-01,6.11026492e-06,2.51662801e-03,3.79758667e-03,1.51451268e-01
5.50000000e-02,1.27110528e-05,5.32886069e-02,5.77568182e-01,6.50424844e-07,9.46738375e-08,8.97542193e-04,3.68232213e-01,1.08531684e-06,6.08469569e-01,2.35116576e-01,6.17246732e-06,2.53319655e-03,3.82044433e-03,1.50052950e-01
5.95000000e-02,1.25904532e-05,5.88630214e-02,5.74122275e-01,6.57474258e-07,1.04545047e-07,9.91436334e-04,3.66009915e-01,1.07288265e-06,6.11503891e-01,2.33250206e-01,6.22688129e-06,2.54757288e-03,3.84016193e-03,1.48850862e-01
6.40000000e-02,1.24711977e-05,6.44352934e-02,5.70684302e-01,6.63145208e-07,1.14420896e-07,1.08533810e-03,3.63781817e-01,1.06180539e-06,6.14103128e-01,2.31654833e-01,6.27511229e-06,2.56014992e-03,3.85722615e-03,1.47817320e-01
6.85000000e-02,1.23534271e-05,6.99944401e-02,5.67259480e-01,6.67624497e-07,1.24282528e-07,1.17906480e-03,3.61553869e-01,1.05187792e-06,6.16336024e-01,2.30287430e-01,6.31803557e-06,2.57119992e-03,3.87204924e-03,1.46925921e-01
7.30000000e-02,1.22370271e-05,7.55322572e-02,5.63851198e-01,6.71317784e-07,1.34114953e-07,1.27247493e-03,3.59331027e-01,1.04273862e-06,6.18320807e-01,2.29074416e-01,6.35763389e-06,2.58123580e-03,3.88536224e-03,1.46130771e-01
7.75000000e-02,1.21224046e-05,8.10419363e-02,5.60458170e-01,6.74277494e-07,1.43900342e-07,1.36542619e-03,3.57121527e-01,1.03427014e-06,6.20106893e-01,2.27983192e-01,6.39363920e-06,2.59031650e-03,3.89737273e-03,1.45414792e-01
8.20000000e-02,1.20090946e-05,8.65181209e-02,5.57090380e-01,6.76688871e-07,1.53638045e-07,1.45786989e-03,3.54920789e-01,1.02635028e-06,6.21719499e-01,2.27000770e-01,6.42740205e-06,2.59873531e-03,3.90836659e-03,1.44765169e-01
8.65000000e-02,1.18974456e-05,9.19565950e-02,5.53745580e-01,6.78567722e-07,1.63314352e-07,1.54970524e-03,3.52735381e-01,1.01893051e-06,6.23183864e-01,2.26109720e-01,6.45865479e-06,2.60647632e-03,3.91841348e-03,1.44174042e-01
9.10000000e-02,1.17872864e-05,9.73539172e-02,5.50427059e-01,6.80090814e-07,1.72925630e-07,1.64088549e-03,3.50565498e-01,1.01188941e-06,6.24535591e-01,2.25288540e-01,6.48845852e-06,2.61375425e-03,3.92777002e-03,1.43626837e-01
9.55000000e-02,1.16786802e-05,1.02707853e-01,5.47135307e-01,6.81283344e-07,1.82466292e-07,1.73136519e-03,3.48412932e-01,1.00516634e-06,6.25797102e-01,2.24523038e-01,6.51665640e-06,2.62062012e-03,3.93655358e-03,1.43115158e-01
1.00000000e-01,1.15716740e-05,1.08016335e-01,5.43871209e-01,6.82152917e-07,1.91931177e-07,1.82110233e-03,3.46278908e-01,9.98750554e-07,6.26972514e-01,2.23810516e-01,6.54323792e-06,2.62707871e-03,3.94478094e-03,1.42637562e-01
1.45000000e-01,1.05826422e-05,1.58441773e-01,5.12818144e-01,6.83699534e-07,2.82068706e-07,2.67462809e-03,3.26053907e-01,9.43169792e-07,6.36690124e-01,2.17921642e-01,6.77160492e-06,2.68141218e-03,4.01331008e-03,1.38685790e-01
1.90000000e-01,9.72822110e-06,2.04083738e-01,4.84590008e-01,6.79572999e-07,3.63730053e-07,3.44755198e-03,3.07867931e-01,8.96246429e-07,6.44956661e-01,2.12875252e-01,6.95737639e-06,2.72558353e-03,4.07008710e-03,1.35364556e-01
2.35000000e-01,8.98957633e-06,2.45350776e-01,4.58933868e-01,6.72749668e-07,4.37189577e-07,4.14461994e-03,2.91560636e-01,8.55063806e-07,6.52604940e-01,2.08151599e-01,7.11075258e-06,2.76251667e-03,4.11979255e-03,1.32353180e-01
2.80000000e-01,8.34683664e-06,2.82718314e-01,4.35605375e-01,6.64874468e-07,5.03131312e-07,4.77308827e-03,2.76893708e-01,8.18051552e-07,6.59938420e-01,2.03579772e-01,7.24086866e-06,2.79444840e-03,4.16497526e-03,1.29514319e-01
3.25000000e-01,7.78542957e-06,3.16638803e-01,4.14343922e-01,6.55956326e-07,5.62192493e-07,5.33979628e-03,2.63668475e-01,7.84862479e-07,6.66918826e-01,1.99189084e-01,7.34800183e-06,2.82134410e-03,4.20547878e-03,1.26857128e-01
3.70000000e-01,7.29280833e-06,3.47491663e-01,3.94937491e-01,6.46384327e-07,6.14995171e-07,5.85088805e-03,2.51711403e-01,7.54962284e-07,6.73579210e-01,1.94967508e-01,7.43527034e-06,2.84381925e-03,4.24182846e-03,1.24359437e-01
4.15000000e-01,6.85647901e-06,3.75638620e-01,3.77205717e-01,6.36679743e-07,6.62427117e-07,6.31362071e-03,2.40833887e-01,7.27810482e-07,6.79902804e-01,1.90944959e-01,7.50943010e-06,2.86331324e-03,4.27500562e-03,1.22005674e-01
4.60000000e-01,6.47138632e-06,4.01380394e-01,3.60926304e-01,6.26118270e-07,7.04633508e-07,6.73120079e-03,2.30954299e-01,7.03513104e-07,6.85867903e-01,1.87117420e-01,7.56300131e-06,2.87812598e-03,4.30369700e-03,1.19824580e-01
5.05000000e-01,6.12835758e-06,4.24971158e-01,3.45977701e-01,6.15577833e-07,7.42350197e-07,7.10925179e-03,2.21934403e-01,6.81343859e-07,6.91571774e-01,1.83441940e-01,7.60436311e-06,2.89012849e-03,4.32954339e-03,1.17758321e-01
5.50000000e-01,5.82209134e-06,4.46645212e-01,3.32215082e-01,6.04779375e-07,7.75990168e-07,7.45169394e-03,2.13680809e-01,6.61305587e-07,6.96946584e-01,1.79960717e-01,7.63261522e-06,2.89902979e-03,4.35211314e-03,1.15833256e-01
5.95000000e-01,5.54778478e-06,4.66591275e-01,3.19525776e-01,5.93863159e-07,8.05944527e-07,7.76195946e-03,2.06114042e-01,6.43144655e-07,7.02019663e-01,1.76659338e-01,7.64935903e-06,2.90518005e-03,4.37173444e-03,1.14035786e-01
6.40000000e-01,5.30116081e-06,4.84982555e-01,3.07807461e-01,5.82947987e-07,8.32607526e-07,8.04336819e-03,1.99159899e-01,6.26639028e-07,7.06809574e-01,1.73529367e-01,7.65635765e-06,2.90896673e-03,4.38873866e-03,1.12355064e-01
6.85000000e-01,5.07868498e-06,5.01978248e-01,2.96963053e-01,5.72070524e-07,8.56318151e-07,8.29885997e-03,1.92753332e-01,6.11623920e-07,7.11328887e-01,1.70564366e-01,7.65465308e-06,2.91061150e-03,4.40331844e-03,1.10784544e-01
7.30000000e-01,4.87734316e-06,5.17714872e-01,2.86909686e-01,5.61283300e-07,8.77384994e-07,8.53104195e-03,1.86838083e-01,5.97944353e-07,7.15592032e-01,1.67756877e-01,7.64538941e-06,2.91036644e-03,4.41569641e-03,1.09316778e-01
7.75000000e-01,4.69456617e-06,5.32312486e-01,2.77574127e-01,5.50631426e-07,8.96085268e-07,8.74223597e-03,1.81365010e-01,5.85462917e-07,7.19613315e-01,1.65099248e-01,7.62960998e-06,2.90846486e-03,4.42608265e-03,1.07944668e-01
8.20000000e-01,4.52817225e-06,5.45876541e-01,2.68891756e-01,5.40151061e-07,9.12667214e-07,8.93450597e-03,1.76291216e-01,5.74059497e-07,7.23406202e-01,1.62584116e-01,7.60825312e-06,2.90511941e-03,4.43467115e-03,1.06661703e-01
8.65000000e-01,4.37621441e-06,5.58502908e-01,2.60803753e-01,5.29884923e-07,9.27361272e-07,9.10975300e-03,1.71577752e-01,5.63616306e-07,7.26986784e-01,1.60202444e-01,7.58227567e-06,2.90054957e-03,4.44166981e-03,1.05460400e-01
9.10000000e-01,4.23707254e-06,5.70276252e-01,2.53257174e-01,5.19880857e-07,9.40358410e-07,9.26959666e-03,1.67191281e-01,5.54010032e-07,7.30381449e-01,1.57938311e-01,7.55243168e-06,2.89494943e-03,4.44730149e-03,1.04329877e-01
9.55000000e-01,4.10946219e-06,5.81270968e-01,2.46206309e-01,5.09992185e-07,9.51846741e-07,9.41556157e-03,1.63101590e-01,5.45296066e-07,7.33544291e-01,1.55820255e-01,7.51866179e-06,2.88825984e-03,4.45138285e-03,1.03287741e-01
1.00000000e+00,3.99205852e-06,5.91551308e-01,2.39610938e-01,5.00389823e-07,9.61980463e-07,9.54892480e-03,1.59283375e-01,5.37277203e-07,7.36536048e-01,1.53811453e-01,7.48235100e-06,2.88082997e-03,4.45435387e-03,1.02309289e-01
1.45000000e+00,3.19680242e-06,6.65850587e-01,1.91944194e-01,4.19270608e-07,1.01484173e-06,1.04057742e-02,1.31794814e-01,4.84561691e-07,7.58647648e-01,1.38774804e-01,7.06067578e-06,2.78650762e-03,4.44377151e-03,9.53397165e-02
1.90000000e+00,2.77402651e-06,7.08885115e-01,1.64462106e-01,3.62853370e-07,1.02651462e-06,1.07985070e-02,1.15850109e-01,4.59518814e-07,7.71358311e-01,1.29948745e-01,6.67787242e-06,2.69437515e-03,4.40504582e-03,9.15863789e-02
2.35000000e+00,2.51767681e-06,7.36019303e-01,1.47274687e-01,3.24424942e-07,1.02672423e-06,1.10044586e-02,1.05697682e-01,4.46404359e-07,7.79003564e-01,1.24559280e-01,6.39079403e-06,2.62264052e-03,4.36692513e-03,8.94407464e-02
2.80000000e+00,2.34801407e-06,7.54126332e-01,1.35928748e-01,2.98226949e-07,1.02542423e-06,1.11320124e-02,9.88092362e-02,4.39012455e-07,7.83684230e-01,1.21230091e-01,6.19489452e-06,2.57254800e-03,4.33767331e-03,8.81688179e-02
3.25000000e+00,2.22996572e-06,7.66711468e-01,1.28122858e-01,2.80114185e-07,1.02469992e-06,1.12205990e-02,9.39415402e-02,4.34541115e-07,7.86681448e-01,1.19092509e-01,6.06426082e-06,2.53867309e-03,4.31705419e-03,8.73638102e-02
3.70000000e+00,2.14496856e-06,7.75714514e-01,1.22594737e-01,2.67444779e-07,1.02503870e-06,1.12881860e-02,9.03991251e-02,4.31694062e-07,7.88651458e-01,1.17693820e-01,5.97996926e-06,2.51663638e-03,4.30352231e-03,8.68281453e-02
4.00000000e+00,2.10126263e-06,7.80315168e-01,1.19793019e-01,2.61162571e-07,1.02577570e-06,1.13256983e-02,8.85627259e-02,4.30343649e-07,7.89598136e-01,1.17029167e-01,5.94231337e-06,2.50676036e-03,4.29757872e-03,8.65619786e-02
