z(m^3),N2(T),N(T),H(T),NH3(T),NH2(T),NH(T),RU(T),N2(S),N(S),H(S),NH3(S),NH2(S),NH(S),RU(S)
0.00000000e+00,0.00000000e+00,0.00000000e+00,0.00000000e+00,1.75457706e+00,0.00000000e+00,0.00000000e+00,-1.75457706e+00,0.00000000e+00,0.00000000e+00,0.00000000e+00,3.57742561e-02,0.00000000e+00,0.00000000e+00,-3.57742561e-02
5.00000000e-09,-2.11228014e-19,6.33620349e-22,-8.20576403e-18,2.12058723e-16,1.30694537e-22,-7.67623608e-22,-2.03641729e-16,2.53845186e-20,1.13820052e-20,4.71162077e-20,5.27497246e-17,0.00000000e+00,-1.12298040e-20,-5.28223775e-17
1.50000000e-08,7.07999603e-19,-1.58537436e-20,-1.06790979e-16,4.98184364e-16,8.16427265e-22,1.50348348e-20,-3.92101381e-16,-4.92007028e-21,-4.98293601e-21,-1.49554255e-20,4.66582937e-17,-5.29395592e-22,4.85720456e-21,-4.66377664e-17
2.50000000e-08,9.72111300e-18,5.64724476e-20,2.30122318e-16,3.72582574e-15,-1.49802409e-21,-5.49512625e-20,-3.96566919e-15,1.82767211e-19,-4.48662764e-21,-2.88785295e-20,6.30226923e-18,-3.97046694e-22,4.92337901e-21,-6.45619100e-18
3.50000000e-08,-9.39269376e-19,-3.23675774e-20,-3.51538261e-17,-3.45506336e-17,-4.49903535e-21,3.68459332e-20,7.06437489e-17,3.36447442e-20,1.40256745e-20,1.24222676e-19,6.17593956e-17,7.94093388e-23,-1.41613321e-20,-6.19172085e-17
4.50000000e-08,1.51872925e-18,-4.91262566e-20,-2.73648916e-17,-7.54172715e-16,-1.06871735e-21,5.01867021e-20,7.80018887e-16,-8.29165846e-21,-5.43953971e-21,-1.79359227e-19,3.53619315e-17,1.48230766e-21,3.59989003e-21,-3.51739166e-17
5.50000000e-08,-2.73666998e-18,-1.88100871e-21,-4.76465827e-17,-6.73850444e-17,-3.44107135e-22,2.22346149e-21,1.17768298e-16,2.80017181e-20,1.09121666e-20,-9.32000940e-20,2.76997509e-17,7.14684049e-22,-1.18055217e-20,-2.76343705e-17
6.50000000e-08,-1.94547669e-17,-5.05936750e-20,7.40444273e-17,2.88038659e-15,-4.03995011e-21,5.46336251e-20,-2.93497625e-15,-2.94018040e-19,-3.19291716e-21,4.24045869e-20,-1.01989120e-17,-2.17052193e-21,4.49986253e-21,1.04513940e-17
7.50000000e-08,3.64826107e-17,6.93475138e-20,4.99995002e-16,6.46694226e-15,-4.73478183e-21,-6.45862622e-20,-7.00341989e-15,5.55365755e-19,8.19901423e-21,1.95823429e-19,1.15170329e-16,-3.70576914e-22,-8.20563168e-21,-1.15921144e-16
8.50000000e-08,-3.03028436e-18,-5.88125416e-21,2.80186799e-16,1.69221179e-15,-1.95710933e-21,7.83505476e-21,-1.96936830e-15,-1.35359835e-20,-4.56603698e-22,6.40568666e-21,-3.27976451e-18,5.29395592e-23,4.23516474e-22,3.28687165e-18
9.50000000e-08,3.58001875e-17,-2.60909309e-20,-3.88910926e-16,6.40238767e-15,2.13412598e-21,2.39286808e-20,-6.04927690e-15,7.91793826e-19,-1.40356006e-20,1.44154420e-19,5.77222778e-17,-1.74700545e-21,1.57759886e-20,-5.86582227e-17
1.05000000e-07,-8.83344935e-19,-6.12072294e-20,5.18541732e-16,-1.01478128e-15,-1.64989445e-20,7.77152729e-20,4.97122879e-16,2.29790774e-20,-2.05471664e-20,-1.97888072e-19,2.80350435e-17,3.17637355e-21,1.72053567e-20,-2.78599724e-17
1.15000000e-07,-4.70594796e-18,1.35988493e-21,3.42168852e-17,-5.28496417e-15,-1.12827436e-21,-2.11758237e-22,5.25545322e-15,-3.84688616e-20,1.55179083e-21,-2.17899226e-19,2.67964167e-18,9.52912066e-22,-3.12343399e-21,-2.42265320e-18
1.25000000e-07,-1.59047972e-18,-3.88444016e-21,-1.10154448e-16,1.69280163e-15,-6.28326393e-21,1.01643954e-20,-1.58105670e-15,-2.14487933e-20,-1.55476868e-20,2.65333071e-19,3.90728887e-17,-4.23516474e-22,1.72582963e-20,-3.93180584e-17
1.35000000e-07,1.25193000e-18,-5.08525825e-20,6.38905769e-16,-3.81195662e-15,-5.67694054e-21,5.65394492e-20,3.17179891e-15,-1.56022807e-20,1.55840827e-21,7.25271961e-20,-1.11535128e-16,1.90582413e-21,-1.53524722e-21,1.11476272e-16
1.45000000e-07,4.27720950e-18,-2.77436377e-21,1.17809627e-17,1.44101263e-16,1.69902898e-21,1.05879118e-21,-1.60159422e-16,9.94932841e-21,-3.26041510e-20,-2.04029061e-19,-5.84598317e-17,3.59989003e-21,3.04402465e-20,5.86524788e-17
1.55000000e-07,2.86344410e-18,2.44266435e-21,-5.91448200e-17,-8.20547261e-17,1.03397577e-22,-2.54109884e-21,1.38336097e-16,8.15864782e-20,-2.17184542e-20,-4.70844440e-19,-3.19760232e-18,8.47032947e-22,1.95346973e-20,3.58819700e-18
1.65000000e-07,-1.89159828e-18,-7.24974176e-20,2.10624983e-16,7.25428163e-16,-2.46582541e-21,7.49624158e-20,-9.34161547e-16,8.36461579e-20,-2.96792404e-21,2.96302713e-19,1.06304805e-16,-7.57035697e-21,7.09390093e-21,-1.06681312e-16
1.75000000e-07,2.99190566e-18,-3.70576914e-22,-3.06207225e-17,-3.59867395e-16,-4.81419117e-22,8.47032947e-22,3.87496217e-16,-2.15433400e-19,-2.56839580e-20,-2.76926834e-19,-1.07374132e-17,4.18222518e-21,2.24993127e-20,1.12287783e-17
1.85000000e-07,1.45991757e-17,-8.07468899e-20,-5.02287305e-16,-1.59044947e-15,-4.38984751e-21,8.51268112e-20,2.07813761e-15,4.24879667e-19,-1.03232140e-21,2.32775242e-19,-4.00994397e-17,1.11173074e-21,1.48230766e-21,3.94402231e-17
1.95000000e-07,-4.17275727e-18,-3.67235105e-20,1.90030065e-16,-3.02395116e-15,2.45920796e-21,3.43048344e-20,2.83809381e-15,2.14570651e-21,4.17891645e-21,3.17637355e-20,-8.13490443e-18,-2.96461532e-21,-2.11758237e-21,8.10189661e-18
2.05000000e-07,8.76541445e-17,3.76954477e-20,1.72082808e-16,3.27332196e-15,-3.79345029e-21,-3.38813179e-20,-3.53305893e-15,1.66543883e-18,2.67609472e-20,3.18272630e-19,3.14692857e-17,2.96461532e-21,-2.69991752e-20,-3.34557235e-17
2.15000000e-07,7.76770034e-17,-1.83286680e-20,-5.67857141e-16,2.55775353e-15,5.60414865e-21,1.27054942e-20,-2.06757337e-15,1.82897243e-18,1.22488905e-20,2.17052193e-20,9.83666773e-17,-2.01170325e-21,-1.14349448e-20,-1.00216161e-16
2.25000000e-07,1.05199687e-16,2.22925175e-22,-8.60659848e-16,6.54114443e-15,-4.06890143e-21,3.81164826e-21,-5.78568423e-15,1.62484742e-18,1.73112359e-20,-1.85288457e-20,5.64891566e-17,1.37642854e-21,-1.79994501e-20,-5.80961634e-17
2.35000000e-07,-8.35666683e-17,4.42293474e-20,8.03150960e-16,-2.91373556e-15,5.33035187e-21,-4.95514274e-20,2.19415126e-15,-1.38758555e-18,-8.17916190e-21,4.43633506e-20,-1.60940072e-16,-1.16467030e-21,1.00585162e-20,1.62282579e-16
2.45000000e-07,5.28922135e-18,1.96335454e-20,6.70140152e-16,1.57148935e-15,-6.90613093e-21,-1.27054942e-20,-2.24691874e-15,1.61926395e-19,2.25836851e-20,3.16472685e-19,3.17699824e-17,-2.85873620e-21,-2.11758237e-20,-3.22469281e-17
2.55000000e-07,1.31181961e-17,-3.93572535e-20,5.78254102e-16,-5.25836738e-16,1.60489582e-20,2.32934060e-20,-6.55355446e-17,2.87668602e-19,-2.81539193e-20,2.09005380e-19,3.92156138e-17,-3.38813179e-21,3.08108235e-20,-3.97115582e-17
2.65000000e-07,-4.90561696e-18,-7.95747749e-22,-9.88233803e-17,-3.37133466e-16,-4.63221143e-23,8.47032947e-22,4.40862458e-16,-5.67578249e-20,1.35657620e-20,7.07166632e-19,-4.35807980e-17,-2.22346149e-21,-1.03761536e-20,4.29294231e-17
2.75000000e-07,-4.34276563e-18,-3.21318309e-20,6.40060372e-16,2.39566505e-15,-1.53210393e-20,4.74338450e-20,-3.03138264e-15,-4.56711232e-20,-1.37311982e-22,7.71858773e-20,4.42966468e-18,-2.01170325e-21,6.35274710e-22,-4.45966817e-18
2.85000000e-07,1.06645915e-19,1.71011320e-20,-6.86298432e-16,-2.10269815e-15,4.93165081e-21,-2.20228566e-20,2.78888993e-15,2.51987339e-19,-4.22523857e-21,2.07840709e-19,-3.28145858e-17,1.58818678e-21,4.02340650e-21,3.23533697e-17
2.95000000e-07,-3.54935281e-18,8.52728086e-20,9.01655857e-16,-4.14735703e-17,6.22536129e-21,-9.14795583e-20,-8.56632952e-16,1.19997437e-19,-1.80722420e-20,4.62162352e-19,5.11502021e-17,-2.22346149e-21,2.12817028e-20,-5.17333446e-17
3.05000000e-07,8.99672902e-18,-1.60307603e-20,-5.01150539e-16,2.42449724e-15,3.28059831e-21,1.27054942e-20,-1.93234339e-15,1.30229661e-19,3.09200113e-20,2.97732081e-19,-1.58736092e-17,8.47032947e-22,-3.11284608e-20,1.54450105e-17
3.15000000e-07,1.03083400e-16,4.40721830e-21,4.51975350e-16,5.78903752e-15,-3.97212130e-21,-4.23516474e-22,-6.34409628e-15,1.70840342e-18,1.02884725e-20,4.26692847e-20,6.27182369e-17,2.01170325e-21,-1.10114283e-20,-6.44705959e-17
3.25000000e-07,-7.61341358e-18,-3.67065533e-20,-4.06543770e-16,-9.00707165e-16,4.09288967e-21,3.26107685e-20,1.31486435e-15,-3.07008084e-20,-4.31788280e-22,-4.92337901e-20,-1.45647315e-18,1.05879118e-22,3.17637355e-22,1.53641850e-18
3.35000000e-07,-5.61112385e-19,-6.02311563e-21,-1.62969884e-16,-4.63783675e-16,2.64366924e-21,3.38813179e-21,6.27314662e-16,-2.78266040e-19,-2.19914238e-20,-3.66977024e-19,-2.50321529e-17,6.56450534e-21,1.69406589e-20,2.56758847e-17
3.45000000e-07,-4.92260625e-17,3.70610002e-20,-6.56141157e-16,-4.20366210e-15,-6.36929072e-22,-3.64224167e-20,4.90902931e-15,-9.98463248e-19,-2.24000510e-20,-1.32560656e-19,-3.94183723e-17,-1.27054942e-21,2.24463731e-20,4.05506171e-17
3.55000000e-07,8.37082833e-18,1.99002285e-19,8.76164190e-16,-2.21637106e-15,-1.17724345e-20,-1.87194281e-19,1.33183601e-15,3.17912806e-19,2.96130659e-22,1.75441699e-19,3.64459219e-17,-6.45862622e-21,4.12928562e-21,-3.69372407e-17
3.65000000e-07,-1.56163686e-17,-2.44969538e-21,-2.46358343e-16,-7.87556754e-16,2.03651867e-21,4.23516474e-22,1.04953145e-15,-1.02932701e-19,4.27156068e-21,9.44441736e-20,-4.22966961e-17,6.35274710e-22,-3.07049443e-21,4.23033466e-17
3.75000000e-07,1.20827538e-16,5.08583728e-20,-1.07911452e-15,3.22779189e-15,1.81582688e-20,-6.90331852e-20,-2.26950489e-15,2.05827352e-18,4.26825196e-21,1.57865766e-19,4.35877861e-17,-1.05879118e-22,-3.59989003e-21,-4.58044845e-17
3.85000000e-07,9.08379577e-18,2.95923864e-21,9.61412091e-17,2.45510377e-16,-2.11261928e-21,-8.47032947e-22,-3.50735381e-16,7.80072677e-20,2.86386472e-20,7.70376466e-19,-5.37178766e-17,1.90582413e-21,-2.82697246e-20,5.28672173e-17
3.95000000e-07,1.98649947e-18,-9.35880417e-20,-3.00426509e-16,-2.88467642e-16,1.67752228e-21,9.19030748e-20,5.86907658e-16,1.69620829e-19,2.75236077e-20,5.64018064e-19,-1.14003223e-17,-2.22346149e-21,-2.30816478e-20,1.06644624e-17
4.05000000e-07,-4.89250035e-19,-7.44627987e-21,-7.23439607e-17,1.20834601e-15,1.21347396e-20,-4.65868121e-21,-1.13551283e-15,-1.33430023e-19,1.73873365e-21,-9.84675801e-21,-3.78997481e-17,2.43521972e-21,-1.48230766e-21,3.80403357e-17
4.15000000e-07,-8.23024444e-19,4.68506827e-20,-9.48594984e-16,-7.19998936e-16,1.41547146e-20,-6.09863722e-20,1.66941692e-15,-2.12286805e-19,1.03744992e-20,-1.83064996e-19,3.23010720e-17,2.01170325e-21,-1.33407689e-20,-3.19047665e-17
4.25000000e-07,-4.89373037e-18,6.35225080e-20,-2.65227152e-16,-4.48179572e-16,5.96893530e-21,-6.94567017e-20,7.18300419e-16,1.15269273e-19,5.78364684e-21,-1.15514118e-19,2.66578209e-17,-5.29395592e-22,-5.39983504e-21,-2.66574305e-17
4.35000000e-07,1.21817098e-17,-2.75202990e-21,-6.06937488e-16,4.62469555e-15,1.32878294e-20,-1.05879118e-20,-4.02993972e-15,-1.46328250e-21,1.56320592e-20,-1.60195106e-19,1.64832612e-17,3.49401091e-21,-1.95876369e-20,-1.63211404e-17
4.45000000e-07,7.01962735e-18,4.55156132e-21,-1.38730055e-15,-1.66694898e-16,1.06722843e-20,-1.52465931e-20,1.54697584e-15,-1.65391455e-19,-5.48917054e-21,-4.81008835e-19,1.63138546e-18,-9.52912066e-22,6.88214270e-21,-9.85423572e-19
4.55000000e-07,-7.81850908e-18,3.80594072e-20,-1.91107193e-17,3.76459520e-16,-6.73821327e-21,-3.13402190e-20,-3.49530273e-16,-1.22423558e-19,2.03833847e-20,-5.28019163e-19,-3.44064783e-18,2.01170325e-21,-2.31875269e-20,4.09188382e-18
4.65000000e-07,-2.46743841e-18,-9.98870220e-20,-2.36934655e-16,2.82490628e-16,-1.44574627e-20,1.14349448e-19,-4.30885396e-17,9.62920951e-21,2.81754260e-20,8.88325803e-20,-3.71001490e-17,-5.29395592e-22,-2.64697796e-20,3.70005101e-17
4.75000000e-07,1.38538526e-16,-4.98442494e-20,-1.43090482e-15,8.84062961e-15,6.57277715e-21,4.31986803e-20,-7.54826324e-15,2.97768725e-18,-1.93676069e-20,3.10543454e-19,1.11136546e-16,3.07049443e-21,1.82112084e-20,-1.14426690e-16
4.85000000e-07,1.52311059e-16,7.59616500e-20,-3.62804284e-16,4.08075884e-15,-9.90796938e-21,-6.60685699e-20,-3.87026560e-15,2.41016939e-18,-4.64610806e-20,-4.42574715e-19,3.37770270e-17,4.02340650e-21,4.26692847e-20,-3.57448532e-17
4.95000000e-07,3.53896507e-18,3.71466134e-20,5.62512947e-16,2.25500154e-15,-8.40911811e-21,-2.87991202e-20,-2.82105340e-15,-2.51462079e-19,-8.68374207e-21,2.93496916e-19,3.75849695e-17,4.23516474e-22,5.92923063e-21,-3.76246741e-17
5.05000000e-07,1.24024506e-17,-6.47628653e-20,-1.77142080e-15,-5.93794193e-16,2.49444586e-20,3.98105485e-20,2.35281255e-15,3.29854813e-20,2.72026616e-20,-1.28537250e-19,6.60699463e-17,2.11758237e-21,-2.89049993e-20,-6.59748106e-17
5.15000000e-07,4.04509125e-18,1.08406155e-20,2.18560083e-16,1.86198846e-16,1.03364489e-20,-2.11758237e-20,-4.08804022e-16,-8.16658875e-20,-3.14858028e-20,-1.12655382e-19,-1.65319655e-17,-5.08219768e-21,3.51518673e-20,1.67277030e-17
5.25000000e-07,4.96312958e-18,9.92227960e-20,2.38066983e-16,8.08863199e-16,-2.21204639e-20,-7.70799982e-20,-1.05189333e-15,2.03620434e-19,7.80527626e-21,6.35274710e-20,4.36285495e-18,1.27054942e-21,-8.68208771e-21,-4.63039825e-18
5.35000000e-07,1.61210546e-16,-3.35756747e-20,2.20235903e-15,3.41070385e-15,-6.25513979e-21,3.98105485e-20,-5.77427340e-15,2.91005448e-18,9.17177863e-21,-8.28186464e-19,4.69362132e-19,-4.23516474e-22,-9.84675801e-21,-2.55013165e-18
5.45000000e-07,2.85161851e-18,-4.50569416e-20,-6.07438516e-16,6.46552804e-16,2.69164571e-21,4.23516474e-20,-4.19658925e-17,9.71308562e-20,5.55865372e-22,9.59264813e-20,6.96112852e-18,2.11758237e-22,-4.23516474e-22,-7.15452996e-18
5.55000000e-07,3.79416317e-17,1.26085073e-19,-1.17389860e-15,1.13148427e-15,1.79134233e-20,-1.43995601e-19,4.47269296e-18,8.49082701e-19,-9.18170480e-21,-1.19008129e-19,5.46823295e-17,-3.81164826e-21,1.10114283e-20,-5.54104205e-17
5.65000000e-07,1.35495905e-17,-8.22180306e-20,-1.63962028e-15,1.80476884e-15,-1.01379256e-20,9.23265913e-20,-1.78698116e-16,8.06517641e-20,3.85962474e-20,3.52577464e-20,2.82479135e-17,-6.88214270e-21,-3.48342300e-20,-2.83607012e-17
5.75000000e-07,-8.74563110e-18,-2.87672738e-20,4.60966376e-16,-1.90675621e-16,9.35210401e-21,1.94817578e-20,-2.61545190e-16,8.14466847e-20,2.34538791e-20,-6.05099162e-19,-8.12833992e-19,4.76456033e-21,-2.87991202e-20,1.33706798e-18
5.85000000e-07,-2.04091833e-16,5.94746996e-20,-5.44500080e-16,-1.63185113e-15,2.01319217e-20,-7.96210970e-20,2.38044306e-15,-3.60068660e-18,-2.55119045e-20,5.71535481e-19,-1.37432896e-16,1.27054942e-21,2.59403840e-20,1.40460347e-16
5.95000000e-07,-5.36512902e-18,4.46677531e-23,2.31487280e-16,-3.14752646e-18,-4.79764755e-23,0.00000000e+00,-2.22974621e-16,1.74496232e-19,4.23367581e-20,-4.28069276e-19,-1.85649505e-17,2.22346149e-21,-4.31986803e-20,1.88171612e-17
6.05000000e-07,-7.48303358e-18,-3.65804082e-20,-3.50249677e-16,-6.23412155e-16,3.52875249e-21,3.30342849e-20,9.81144883e-16,1.06162014e-19,4.68680535e-20,1.04110937e-18,2.14695324e-17,-5.29395592e-22,-4.41515924e-20,-2.26189892e-17
6.15000000e-07,-3.64204418e-18,1.08025239e-19,8.38660453e-16,-1.79682836e-15,1.82145171e-20,-1.26207909e-19,9.61809918e-16,-1.60423408e-19,1.08327573e-20,7.01237401e-19,2.11385542e-17,-1.58818678e-21,-1.02702745e-20,-2.16783425e-17
6.25000000e-07,1.14334719e-17,-1.02086289e-19,2.30283911e-15,-6.45003331e-17,-1.64724747e-20,1.18584613e-19,-2.24977227e-15,-2.52978301e-19,1.29834269e-20,8.31680475e-19,-4.35166353e-17,2.43521972e-21,-1.14349448e-20,4.29339494e-17
6.35000000e-07,-1.18289373e-16,1.51521911e-19,-7.11956090e-17,-2.34468974e-15,-1.09601431e-20,-1.40607469e-19,2.53417477e-15,-3.17430643e-18,2.63589374e-20,6.14098887e-20,-3.89685978e-17,-3.81164826e-21,-2.49874719e-20,4.20839353e-17
6.45000000e-07,-8.31747063e-18,-1.73580543e-19,-1.45173158e-15,6.68891024e-16,-3.50559144e-21,1.77029886e-19,7.91158082e-16,7.28820566e-20,2.19484104e-20,8.19610256e-19,-2.55195145e-17,-1.16467030e-21,-1.73641754e-20,2.46236018e-17
6.55000000e-07,-2.10064142e-17,6.77568455e-20,6.51192170e-16,-2.91054090e-16,-6.75971997e-21,-6.09863722e-20,-3.39131677e-16,-2.09519059e-19,1.24623031e-20,2.19275654e-19,3.68511213e-17,-6.03510975e-21,-9.31736242e-21,-3.68579869e-17
6.65000000e-07,-4.28107874e-18,-1.04683636e-19,4.32162635e-16,7.44084914e-16,1.32018026e-20,9.14795583e-20,-1.17196647e-15,1.87637650e-20,1.43598554e-21,6.07640261e-19,-5.89407876e-18,-2.01170325e-21,2.43521972e-21,5.26581524e-18
6.75000000e-07,2.17382522e-17,2.71077426e-20,-7.16085927e-16,6.08779558e-16,-2.57914915e-21,-2.45639555e-20,8.55681518e-17,-5.93262207e-20,-1.34846983e-20,6.38451084e-20,8.57663211e-18,-2.01170325e-21,1.42936810e-20,-8.57994745e-18
6.85000000e-07,5.62818218e-18,-4.16481303e-20,8.92359020e-17,-3.99834413e-16,2.67510210e-21,3.89635156e-20,3.04970339e-16,2.03269709e-19,-3.89271196e-20,-1.26324376e-18,-4.72444273e-17,5.18807680e-21,3.40930761e-20,4.83040457e-17
6.95000000e-07,2.62451897e-19,-1.32958944e-20,-3.59263365e-16,-4.72369676e-16,2.27143796e-21,1.10114283e-20,8.31370602e-16,-1.22528610e-19,-1.07467305e-20,5.58300591e-19,-3.20686674e-17,5.82335151e-21,9.42324154e-21,3.16283955e-17
7.05000000e-07,1.58612658e-18,8.03533587e-20,1.05044967e-15,4.09077520e-15,-1.85718591e-20,-6.18334051e-20,-5.14281094e-15,-3.35868416e-20,5.36211560e-20,3.41460157e-19,2.23299061e-18,3.70576914e-21,-5.47395042e-20,-2.54345134e-18
7.15000000e-07,1.08478596e-17,1.03520826e-19,-2.91855816e-15,-7.29462819e-16,2.43025664e-20,-1.27901975e-19,3.63717320e-15,6.21477338e-20,-4.97565682e-20,-1.90582413e-21,-2.61473777e-17,4.23516474e-21,4.77514824e-20,2.60849057e-17
7.25000000e-07,2.87603132e-17,-1.22285832e-19,-8.82270879e-16,-1.44529943e-15,-1.36153929e-21,1.23666810e-19,2.29880997e-15,-1.74985096e-19,-2.44183717e-20,-1.48760161e-19,-1.60269222e-18,-1.79994501e-21,2.73168125e-20,1.92533898e-18
7.35000000e-07,2.38921380e-18,5.61448841e-21,3.05776667e-16,2.31143966e-16,-2.22677021e-21,-3.38813179e-21,-5.39309846e-16,4.89613168e-19,-1.36087754e-20,-5.61159328e-20,-1.98452408e-17,4.23516474e-22,1.40819227e-20,1.94108452e-17
7.45000000e-07,-6.04243841e-17,-2.28332868e-20,-1.56049078e-17,-6.97940729e-16,-1.95016101e-20,4.23516474e-20,7.73970004e-16,-7.04702461e-19,-3.22451546e-20,5.15737186e-19,-6.16950211e-17,2.01170325e-21,3.40930761e-20,6.18801276e-17
7.55000000e-07,2.18844044e-16,-1.26118160e-20,-7.47414527e-17,3.61462597e-15,1.42870635e-20,-1.69406589e-21,-3.75872854e-15,3.17445697e-18,2.75500775e-20,8.65667672e-19,7.66991510e-17,-2.32934060e-21,-2.33992852e-20,-8.07410963e-17
7.65000000e-07,1.28702467e-17,-1.12664481e-19,-3.11482852e-16,3.13839517e-15,1.35144768e-20,9.91028548e-20,-2.83978252e-15,4.25533967e-19,3.15403968e-20,7.45283114e-19,-1.99361910e-17,2.64697796e-21,-3.10225817e-20,1.87622099e-17
7.75000000e-07,-1.27710493e-17,9.38407454e-20,-1.24223898e-15,2.30149942e-15,-2.78925303e-20,-6.60685699e-20,-1.04648927e-15,-4.24147612e-19,-6.81944241e-20,-5.02290538e-19,2.83901092e-17,-2.75285708e-21,6.78685149e-20,-2.74605931e-17
7.85000000e-07,3.99961534e-18,-1.00159164e-20,-4.33984338e-16,3.03123638e-15,4.85058711e-21,5.08219768e-21,-2.60125158e-15,2.29343269e-19,-4.36403948e-20,-7.88693553e-19,5.48374424e-17,3.28225267e-21,3.85399991e-20,-5.42762731e-17
7.95000000e-07,-1.66240045e-17,-1.92851783e-19,5.38436574e-16,2.78104997e-15,4.83404350e-21,1.88041314e-19,-3.30286256e-15,-1.70792117e-19,-1.24755380e-20,-1.10855437e-19,-5.12682573e-17,-1.16467030e-21,1.54583513e-20,5.15480859e-17
8.05000000e-07,9.67736590e-18,-3.56043351e-20,-7.60765179e-16,-3.38543826e-16,4.23847346e-21,3.13402190e-20,1.08963167e-15,2.30131573e-19,7.29904173e-21,1.99688017e-19,-6.16139177e-17,5.08219768e-21,-7.72917564e-21,6.11794461e-17
8.15000000e-07,3.56066811e-17,1.06811971e-19,8.52128611e-16,2.78761093e-15,-3.47415857e-21,-1.03338020e-19,-3.67534622e-15,2.64567101e-19,4.17660035e-20,2.74756312e-19,2.50224121e-18,7.94093388e-21,-4.53162627e-20,-3.04595695e-18
8.25000000e-07,1.73662853e-17,4.99902467e-20,-1.42229883e-15,-6.97694090e-18,-1.02338785e-20,-3.98105485e-20,1.41190954e-15,1.51434436e-19,-3.01920924e-21,9.12254484e-19,4.11134970e-17,-6.35274710e-21,9.52912066e-21,-4.21773439e-17
8.35000000e-07,1.81699052e-18,3.19775617e-20,1.32930672e-15,-4.29187052e-15,1.72616050e-20,-4.91279109e-20,2.96074670e-15,-5.82388918e-20,1.82219617e-20,-1.17525821e-19,-3.67459833e-17,2.32934060e-21,-2.09640654e-20,3.69221596e-17
8.45000000e-07,1.03176605e-16,-4.98649289e-20,2.58177310e-16,-1.20642638e-17,1.01379256e-20,3.98105485e-20,-3.49289734e-16,2.14873234e-18,1.22389643e-20,-2.14934610e-19,1.08822558e-17,-1.05879118e-21,-1.20702195e-20,-1.28151651e-17
8.55000000e-07,1.47494482e-18,2.34954242e-19,2.11850029e-15,-4.47039161e-16,8.20563168e-21,-2.43098456e-19,-1.67293613e-15,4.99712216e-20,-8.46288485e-21,-2.00852688e-19,-5.12766218e-17,8.99972506e-21,1.79994501e-21,5.14251669e-17
8.65000000e-07,1.66294490e-17,-9.96339048e-22,1.68184591e-15,1.88187581e-15,-2.37897144e-21,3.38813179e-21,-3.58035118e-15,2.67798483e-19,2.85269778e-20,6.09651964e-19,-3.11113084e-17,-1.90582413e-21,-2.54109884e-20,3.02326474e-17
8.75000000e-07,-9.69956329e-18,1.90127464e-20,4.55299277e-16,1.69861149e-15,4.33442641e-22,-1.94817578e-20,-2.14421116e-15,-1.46915962e-19,-3.48168592e-20,-6.42474490e-19,-3.17658531e-18,-8.47032947e-22,3.66341750e-20,3.96500424e-18
8.85000000e-07,-1.38266285e-17,-6.74565790e-22,-2.49496278e-16,8.31644178e-17,2.35911911e-21,-1.69406589e-21,1.80158498e-16,-3.99373553e-19,-3.13451821e-20,-6.93296467e-19,-1.95808606e-17,-6.35274710e-21,3.43048344e-20,2.06769246e-17
8.95000000e-07,-8.55123901e-18,-8.11257386e-22,-4.67642701e-16,-6.61642383e-17,8.00710833e-22,0.00000000e+00,5.42358189e-16,5.55522092e-20,-1.45426623e-20,-7.61270861e-19,-5.56231713e-17,-2.32934060e-21,1.77876919e-20,5.63279755e-17
9.05000000e-07,3.56822865e-19,1.81907356e-20,1.37606905e-15,7.62564625e-16,-8.81443661e-21,-9.31736242e-21,-2.13899056e-15,-6.10492379e-20,2.04545222e-20,1.17144657e-18,1.83287342e-17,1.65171425e-20,-2.90108784e-20,-1.94470923e-17
9.15000000e-07,7.72144511e-17,-9.94992811e-20,2.65589169e-15,4.25870762e-15,-1.39992047e-20,1.13502415e-19,-6.99181376e-15,1.57674521e-18,-1.09981934e-20,-5.78947019e-19,-4.69563302e-17,1.69406589e-21,1.03761536e-20,4.59574600e-17
9.25000000e-07,-3.45019660e-18,2.24856642e-20,9.50745749e-16,2.08856855e-15,2.07225287e-20,-4.31986803e-20,-3.03586412e-15,-2.94542473e-20,3.18034402e-20,-3.09378784e-19,2.60824738e-17,-3.59989003e-21,-3.09167026e-20,-2.57409276e-17
9.35000000e-07,7.05891430e-19,-2.32003482e-21,1.15254711e-16,-6.67545604e-16,6.31965988e-22,1.69406589e-21,5.51584995e-16,2.22534746e-19,-2.83292816e-20,-1.02808624e-18,-1.77934094e-17,6.14098887e-21,2.32934060e-20,1.85978557e-17
9.45000000e-07,-3.50953605e-18,-6.21233320e-20,-5.20717455e-16,2.28297628e-15,-2.25654871e-21,6.43745040e-20,-1.75874928e-15,-5.14812398e-20,4.02820415e-20,5.71747239e-21,-8.57112639e-18,-2.32934060e-21,-3.74812079e-20,8.61641949e-18
9.55000000e-07,-5.82861714e-18,4.94947655e-20,-6.31632052e-16,2.55350854e-17,-3.51584848e-20,-1.43995601e-20,6.11925647e-16,-3.29790706e-19,2.28384567e-21,7.87740641e-19,-4.10959210e-18,-2.11758237e-21,-1.48230766e-21,3.65295863e-18
9.65000000e-07,-1.05520642e-16,1.43633296e-19,6.29920125e-16,-2.68941636e-15,-2.16655146e-20,-1.21972744e-19,2.16501688e-15,-1.42157399e-18,2.25282640e-20,-4.97631857e-20,-4.61671073e-17,8.25857124e-21,-2.64697796e-20,4.76341286e-17
9.75000000e-07,-1.96798888e-16,6.62683340e-20,-1.38891654e-15,-3.64483848e-15,2.26713662e-20,-8.89384595e-20,5.23055391e-15,-3.57550019e-18,3.25354950e-20,-6.43745040e-20,-4.22881199e-17,1.69406589e-21,-3.47283508e-20,4.59284921e-17
9.85000000e-07,-1.47831741e-17,1.23482969e-19,-2.43394314e-15,-4.83911726e-16,2.12850115e-20,-1.44842634e-19,2.93263811e-15,-6.32420937e-21,5.66941320e-20,6.67250204e-19,4.51045044e-19,-7.41153829e-21,-5.39983504e-20,-1.10725404e-18
9.95000000e-07,-1.87414577e-16,1.89869383e-19,3.30276855e-15,-2.24807277e-15,-5.17781976e-20,-1.38066370e-19,-8.67281228e-16,-4.20707699e-18,-6.29517533e-20,-4.15046144e-20,-8.56934762e-17,-4.23516474e-21,6.60685699e-20,8.99431762e-17
